{
    "foreground_intensity_properties_per_channel": {
        "0": {
            "max": 2226.0,
            "mean": 262.4073486328125,
            "median": 220.0,
            "min": -557.0,
            "percentile_00_5": -94.0,
            "percentile_99_5": 1088.0,
            "std": 223.74400329589844
        }
    },
    "median_relative_size_after_cropping": 1.0,
    "shapes_after_crop": [
        [
            190,
            156,
            173
        ],
        [
            187,
            122,
            166
        ],
        [
            154,
            152,
            190
        ],
        [
            157,
            108,
            159
        ],
        [
            143,
            113,
            149
        ],
        [
            162,
            125,
            174
        ],
        [
            146,
            129,
            147
        ],
        [
            178,
            136,
            180
        ],
        [
            195,
            137,
            163
        ],
        [
            202,
            135,
            146
        ],
        [
            183,
            117,
            146
        ],
        [
            163,
            128,
            155
        ],
        [
            186,
            124,
            179
        ],
        [
            157,
            129,
            171
        ],
        [
            152,
            138,
            173
        ],
        [
            156,
            141,
            175
        ],
        [
            152,
            131,
            164
        ],
        [
            213,
            151,
            175
        ],
        [
            217,
            155,
            202
        ],
        [
            189,
            119,
            185
        ],
        [
            205,
            138,
            181
        ],
        [
            178,
            120,
            146
        ],
        [
            209,
            138,
            154
        ],
        [
            190,
            152,
            170
        ],
        [
            152,
            121,
            173
        ],
        [
            156,
            140,
            176
        ],
        [
            189,
            121,
            166
        ],
        [
            157,
            143,
            165
        ],
        [
            174,
            141,
            168
        ],
        [
            163,
            140,
            175
        ],
        [
            155,
            145,
            158
        ],
        [
            189,
            132,
            167
        ],
        [
            215,
            139,
            175
        ],
        [
            186,
            121,
            168
        ],
        [
            219,
            128,
            168
        ],
        [
            167,
            154,
            178
        ],
        [
            168,
            142,
            167
        ],
        [
            194,
            134,
            159
        ],
        [
            184,
            104,
            130
        ],
        [
            187,
            137,
            169
        ],
        [
            181,
            151,
            167
        ],
        [
            203,
            132,
            147
        ],
        [
            161,
            131,
            169
        ],
        [
            237,
            123,
            152
        ],
        [
            164,
            128,
            159
        ],
        [
            164,
            160,
            167
        ],
        [
            155,
            143,
            180
        ],
        [
            183,
            121,
            149
        ],
        [
            190,
            132,
            170
        ],
        [
            199,
            145,
            191
        ],
        [
            212,
            133,
            159
        ],
        [
            205,
            148,
            154
        ],
        [
            148,
            133,
            180
        ],
        [
            164,
            156,
            158
        ],
        [
            167,
            141,
            153
        ],
        [
            149,
            139,
            167
        ],
        [
            186,
            123,
            150
        ],
        [
            151,
            118,
            155
        ],
        [
            196,
            129,
            166
        ],
        [
            223,
            138,
            165
        ],
        [
            191,
            139,
            164
        ],
        [
            161,
            145,
            164
        ],
        [
            154,
            153,
            192
        ],
        [
            185,
            135,
            187
        ],
        [
            160,
            157,
            180
        ],
        [
            186,
            165,
            184
        ],
        [
            224,
            118,
            151
        ],
        [
            212,
            141,
            177
        ],
        [
            197,
            132,
            156
        ],
        [
            225,
            166,
            179
        ],
        [
            179,
            116,
            141
        ],
        [
            156,
            139,
            164
        ],
        [
            186,
            159,
            178
        ],
        [
            224,
            114,
            146
        ],
        [
            189,
            122,
            181
        ],
        [
            182,
            136,
            168
        ],
        [
            207,
            161,
            181
        ],
        [
            204,
            140,
            158
        ],
        [
            167,
            146,
            174
        ],
        [
            168,
            147,
            185
        ],
        [
            180,
            148,
            160
        ],
        [
            167,
            132,
            160
        ],
        [
            172,
            137,
            178
        ],
        [
            164,
            132,
            182
        ],
        [
            201,
            115,
            152
        ],
        [
            159,
            147,
            194
        ],
        [
            190,
            119,
            173
        ],
        [
            208,
            138,
            155
        ],
        [
            180,
            162,
            169
        ],
        [
            200,
            127,
            141
        ],
        [
            142,
            158,
            179
        ],
        [
            157,
            134,
            153
        ],
        [
            185,
            147,
            183
        ],
        [
            191,
            120,
            139
        ],
        [
            151,
            150,
            192
        ],
        [
            193,
            128,
            172
        ],
        [
            169,
            124,
            156
        ],
        [
            218,
            149,
            171
        ],
        [
            150,
            138,
            169
        ],
        [
            172,
            116,
            148
        ]
    ],