{
    "foreground_intensity_properties_per_channel": {
        "0": {
            "max": 3504.0,
            "mean": 355.5995178222656,
            "median": 286.0,
            "min": -686.0,
            "percentile_00_5": -72.0,
            "percentile_99_5": 1285.0,
            "std": 280.5046691894531
        }
    },
    "median_relative_size_after_cropping": 1.0,
    "shapes_after_crop": [
        [
            401,
            512,
            512
        ],
        [
            337,
            276,
            413
        ],
        [
            285,
            381,
            512
        ],
        [
            224,
            254,
            386
        ],
        [
            312,
            512,
            512
        ],
        [
            283,
            279,
            426
        ],
        [
            317,
            512,
            512
        ],
        [
            335,
            512,
            512
        ],
        [
            303,
            245,
            415
        ],
        [
            350,
            512,
            512
        ],
        [
            313,
            512,
            512
        ],
        [
            265,
            512,
            512
        ],
        [
            375,
            512,
            512
        ],
        [
            298,
            329,
            458
        ],
        [
            260,
            281,
            479
        ],
        [
            235,
            512,
            512
        ],
        [
            280,
            512,
            512
        ],
        [
            375,
            512,
            512
        ],
        [
            350,
            512,
            512
        ],
        [
            350,
            512,
            512
        ],
        [
            350,
            512,
            512
        ],
        [
            341,
            512,
            512
        ],
        [
            325,
            380,
            395
        ],
        [
            350,
            512,
            512
        ],
        [
            257,
            355,
            467
        ],
        [
            279,
            512,
            512
        ],
        [
            313,
            512,
            512
        ],
        [
            304,
            241,
            445
        ],
        [
            379,
            512,
            512
        ],
        [
            285,
            512,
            512
        ],
        [
            312,
            512,
            512
        ],
        [
            350,
            512,
            512
        ],
        [
            365,
            263,
            403
        ],
        [
            363,
            512,
            512
        ],
        [
            373,
            279,
            512
        ],
        [
            307,
            326,
            512
        ],
        [
            333,
            512,
            512
        ],
        [
            350,
            512,
            512
        ],
        [
            392,
            154,
            322
        ],
        [
            350,
            512,
            512
        ],
        [
            374,
            331,
            512
        ],
        [
            350,
            512,
            512
        ],
        [
            274,
            512,
            512
        ],
        [
            409,
            183,
            370
        ],
        [
            274,
            248,
            406
        ],
        [
            275,
            512,
            512
        ],
        [
            193,
            512,
            512
        ],
        [
            414,
            512,
            512
        ],
        [
            350,
            512,
            512
        ],
        [
            326,
            345,
            512
        ],
        [
            350,
            512,
            512
        ],
        [
            350,
            512,
            512
        ],
        [
            255,
            512,
            512
        ],
        [
            301,
            512,
            512
        ],
        [
            241,
            512,
            512
        ],
        [
            285,
            304,
            512
        ],
        [
            341,
            318,
            429
        ],
        [
            311,
            287,
            437
        ],
        [
            332,
            512,
            512
        ],
        [
            333,
            266,
            418
        ],
        [
            350,
            512,
            512
        ],
        [
            303,
            280,
            511
        ],
        [
            271,
            240,
            512
        ],
        [
            350,
            512,
            512
        ],
        [
            350,
            512,
            512
        ],
        [
            254,
            512,
            512
        ],
        [
            369,
            231,
            512
        ],
        [
            350,
            512,
            512
        ],
        [
            350,
            512,
            512
        ],
        [
            350,
            512,
            512
        ],
        [
            319,
            209,
            351
        ],
        [
            267,
            301,
            403
        ],
        [
            329,
            512,
            512
        ],
        [
            326,
            512,
            512
        ],
        [
            294,
            512,
            512
        ],
        [
            350,
            512,
            512
        ],
        [
            350,
            512,
            512
        ],
        [
            388,
            249,
            458
        ],
        [
            268,
            275,
            471
        ],
        [
            353,
            512,
            512
        ],
        [
            342,
            268,
            416
        ],
        [
            312,
            305,
            512
        ],
        [
            350,
            512,
            512
        ],
        [
            268,
            512,
            512
        ],
        [
            356,
            235,
            413
        ],
        [
            265,
            283,
            512
        ],
        [
            312,
            295,
            462
        ],
        [
            406,
            251,
            499
        ],
        [
            291,
            512,
            512
        ],
        [
            301,
            512,
            512
        ],
        [
            274,
            512,
            512
        ],
        [
            293,
            512,
            512
        ],
        [
            325,
            512,
            512
        ],
        [
            313,
            512,
            512
        ],
        [
            257,
            512,
            512
        ],
        [
            350,
            512,
            512
        ],
        [
            300,
            512,
            512
        ],
        [
            350,
            512,
            512
        ],
        [
            285,
            238,
            459
        ],
        [
            350,
            512,
            512
        ]
    ],